{"cameraMode":{"drawMode":0,"name":"Shaded","section":"Shading Mode"},"sceneLighting":true,"audioPlay":false,"sceneViewState":{"showFog":true,"showMaterialUpdate":false,"showSkybox":true,"showFlares":true,"showImageEffects":true,"showParticleSystems":true},"in2DMode":false,"pivot":{"x":-35.30349349975586,"y":-9.687549591064454,"z":-6.1341071128845219},"rotation":{"x":-0.13417410850524903,"y":0.7039965391159058,"z":-0.13817384839057923,"w":-0.6835997104644775},"size":16.700510025024415,"orthographic":false}